room_id;room_name;room_type;price;city
50904;aplace/antwerp: cosy suite - fashion district;Hotel room;174;Belgium
116134;Spacious apartment nearby Mas;Entire home/apt;180;Belgium
218916;Apartment with terrace in trendy Zurenborg;Entire home/apt;100;Belgium
224333;Large stylish room in 1930s house + garden;Private room;15;Belgium
224682;APARTMENT ROSCAM - OLD CENTRE ANTWERP;Entire home/apt;111;Belgium
345959;Marleen's home in Antwerp city;Entire home/apt;65;Belgium
363155;1-bedroom apartment with court yard;Entire home/apt;67;Belgium
366252;ROOM IN FAMILY HOME near C. Station;Private room;39;Belgium
522693;Ahome Awayfromhome;Entire home/apt;282;Belgium
603545;*Perfect* for a Longer Stay | Trendy | City center;Entire home/apt;138;Belgium
636664;sunny rooftop apartment, sleeps 2-5;Entire home/apt;120;Belgium
639013;The chill place in Antwerp 1;Private room;85;Belgium
772842;Stay in a designers place and donate;Entire home/apt;125;Belgium
778043;cosy & beautiful apartment Antwerp;Entire home/apt;74;Belgium
789555;#ИМЯ?;Entire home/apt;93;Belgium
791792;Duplex in the New South across of NEW PARK;Entire home/apt;90;Belgium
813969;150 mВІ loft (terrace & river view);Entire home/apt;236;Belgium
891884;aplace/antwerp: amazing suite & square view;Hotel room;177;Belgium
891907;aplace/antwerp: stunning flat with square view;Entire home/apt;204;Belgium
959200;ARTISTIC ANITA  nearby central station(10вЂ™вЂ™walk);Entire home/apt;85;Belgium
961296;Great Classic House in Antwerp (4-10 persons);Entire home/apt;317;Belgium
991824;Colourful Inspiration In Every Room;Entire home/apt;77;Belgium
1050693;Colourful Inspiration In Every Room;Entire home/apt;77;Belgium
1105318;Number22Antwerp, cosy duplex;Entire home/apt;80;Belgium
1172376;Number22Antwerp, Cosy & Trendy Flat;Entire home/apt;80;Belgium
1172507;Number22Antwerp ,street Floor;Entire home/apt;109;Belgium
1172826;Bedroom in large antique house near parks+trams;Private room;16;Belgium
1184623;Luxe penthouse;Entire home/apt;295;Belgium
1227242;Cosy ship Auwe Neel Antwerp Belgium;Private room;66;Belgium
1328770;Cosy historic Ship Hannus  Antwerp;Private room;66;Belgium
1577011;New and bright apartment in center;Entire home/apt;65;Belgium
1808782;LOFT 1D  - conceptual loft;Entire home/apt;111;Belgium
1897272;Casa Ambera;Entire home/apt;270;Belgium
2051988;Cosy appartement voor 1 of 2 personen;Entire home/apt;50;Belgium
2086302;Cozy apartment in Antwerp-Berchem;Entire home/apt;45;Belgium
2133274;Middelheim Guest House;Private room;80;Belgium
2230592;Loft near Sportpaleis;Private room;56;Belgium
2282418;Appartement met 1 slaapkamer;Entire home/apt;72;Belgium
2347414;The chill place in Antwerp 2;Private room;85;Belgium
2448815;MAISON NATIONALE City Flats&Suites;Private room;165;Belgium
2543695;aplace/antwerp: gorgeous flat with square view;Entire home/apt;195;Belgium
2602613;Light and spacious duplex apartment;Entire home/apt;65;Belgium
2609419;Gezellig 1-slpk app. op toplocatie;Entire home/apt;65;Belgium
2659281;Gezellig rijtjeshuis met tuin bij het Rievierenhof;Entire home/apt;169;Belgium
2664034;One bedroom appartment near Eilandje;Entire home/apt;71;Belgium
2682144;Cozy mini loft in trendy neighborhood;Entire home/apt;70;Belgium
2682808;Cosy room in a charming house;Private room;39;Belgium
2819412;laterrebleue-'my house, your house';Private room;37;Belgium
3025379;#ИМЯ?;Entire home/apt;140;Belgium
3197919;"100 years old ""master mansion"".";Entire home/apt;230;Belgium
3203133;Cosy flat in trendy neighbourhood;Entire home/apt;35;Belgium
3426775;100 year old renovated home;Entire home/apt;100;Belgium
3518676;Charmant appartement op toplocatie!;Entire home/apt;95;Belgium
3857702;Kamers - Appartement - Studio - Centrum Antwerpen;Entire home/apt;200;Belgium
4017995;Studio Whispering Wheat;Private room;80;Belgium
4032738;Leuk dak appartement, 2 slaapkamers;Entire home/apt;58;Belgium
4064854;Studio Rustling Rye;Private room;80;Belgium
4178600;Room in house, free parking + bikes;Private room;75;Belgium
4265913;Cosy 19th c townhouse near Central Station+parking;Entire home/apt;229;Belgium
4322521;Duplex with sauna & piano Antwerp;Entire home/apt;117;Belgium
4332020;Marleen's cosy first floor flat;Entire home/apt;66;Belgium
4425751;2 bedrooms, cosy sitting areas & rooftop terrace;Private room;62;Belgium
4502646;Unique city loft with amazing view!;Entire home/apt;92;Belgium
4605928;Luxueus appartement - privГ© garage & zonneterras;Entire home/apt;95;Belgium
4733497;Louise Marie, romantisch huisje;Entire home/apt;190;Belgium
4748466;South 44 - Tweeslaapkamerappartement op het Zuid;Entire home/apt;120;Belgium
4980368;Panoramic view restyled appartement;Entire home/apt;100;Belgium
4985922;Sfeervolle studio in hartje Antwerp;Entire home/apt;75;Belgium
5020599;Stylish Rooftop next to CHANEL;Entire home/apt;93;Belgium
5026455;Triplex apt in the heart of Antwerp;Entire home/apt;171;Belgium
5047962;Quiet place in an historical quarter;Private room;60;Belgium
5074616;Discrete luxury on a top location;Entire home/apt;95;Belgium
5096851;Double room in cosy and quiet house with garden.;Private room;75;Belgium
5233718;Apartment in Antwerp;Entire home/apt;110;Belgium
5379855;Classy and spacious 19th cent loft with terrace.;Entire home/apt;331;Belgium
5417459;Full house with garden, near by tram;Entire home/apt;50;Belgium
5574536;Central studio in historic center;Entire home/apt;99;Belgium
5575185;Central apartment w/ exclusive view;Entire home/apt;121;Belgium
5578067;Design loft in historic building;Private room;100;Belgium
5646286;BOHEMIAN WILMA nearby central station (10''walk);Entire home/apt;85;Belgium
5702020;Where living becomes poetry...;Entire home/apt;96;Belgium
5741728;"""la casa di FrГ """;Entire home/apt;70;Belgium
5754564;Leuk appartement met binnentuin;Entire home/apt;210;Belgium
5789730;Back to Beck;Entire home/apt;79;Belgium
5940310;Adorable happy positive vibes place;Entire home/apt;85;Belgium
5994895;Cosy apartment in historic house  Gulden Greffoen;Entire home/apt;123;Belgium
6000928;Arendshof;Entire home/apt;135;Belgium
6004053;Room at 20 min.' walk from center;Private room;22;Belgium
6046872;Feel Good  Antwerp City Apartment;Entire home/apt;79;Belgium
6051973;Welcome @Tempor'area, reopening June 8th! :-);Entire home/apt;143;Belgium
6139374;Appartement in het hartje Antwerpen;Entire home/apt;50;Belgium
6149034;Lovely flat with spectacular view!;Entire home/apt;57;Belgium
6150016;private vintage room in Antwerp;Private room;55;Belgium
6183201;Duplex Studio;Entire home/apt;85;Belgium
6271039;Art Tout;Private room;35;Belgium
6418099;BOOK LOVERS' room near Station;Private room;50;Belgium
6463582;Comfortable accommodation in spacious penthouse;Private room;42;Belgium
6545997;Penthouse + terras 60m2 (zuidkant);Entire home/apt;99;Belgium
6584668;Belle Epoque Townhouse Antwerp;Entire home/apt;594;Belgium
6585827;Quiet room close to Central Station;Private room;43;Belgium
6659457;Cosy and toddler-friendly flat in a great location;Entire home/apt;100;Belgium
6672914;Cosy modern studio city-center WIFI & parking;Entire home/apt;68;Belgium
6700898;Quiet with a view and morning light;Private room;49;Belgium
6833081;Cosy appartment at the Schelde, aan Nieuw Zuid;Entire home/apt;50;Belgium
6984717;Trendy apartment in city centre;Entire home/apt;70;Belgium
7027563;Studio aan de rand van Antwerpen;Entire home/apt;61;Belgium
7067067;Master bedroom with 2 balconies;Private room;49;Belgium
7262234;cosy appartement near trainstation;Entire home/apt;48;Belgium
7298474;Authentic Belgian apartment;Entire home/apt;67;Belgium
7365174;Cosy classical mansion;Private room;44;Belgium
7395215;2BR bright apt - private parking -perfect location;Entire home/apt;110;Belgium
7552929;Cosy and vintage apartment;Entire home/apt;62;Belgium
7614218;Antwerp Apartment near Centre & EXPO;Entire home/apt;77;Belgium
7724259;green paradise near central station;Entire home/apt;500;Belgium
7759657;Modern flat;Entire home/apt;63;Belgium
7814882;Licht duplex appartement;Entire home/apt;79;Belgium
7892353;spacious apartment @trendy Zuid;Entire home/apt;200;Belgium
8038470;The Collector's House - city apartment;Entire home/apt;153;Belgium
8084313;Brand new Cozy apartment  in the heart of Antwerp!;Entire home/apt;83;Belgium
8094749;Amazing Loft (from TV and fashion shoots);Entire home/apt;195;Belgium
8104534;Art Tout Yurt;Entire home/apt;36;Belgium
8158582;Modern apartement in nice neighbourhood;Entire home/apt;71;Belgium
8179789;spacious single room;Private room;35;Belgium
8231896;Peaceful House in Antwerp-Berchem;Entire home/apt;175;Belgium
8256105;Spacious and light apartment in heart of Antwerp;Entire home/apt;85;Belgium
8366368;Gezellige Klassiek woning S;Private room;43;Belgium
8469104;Kapiteinswoonst woonboot. Barge Boat Wheelhouse;Entire home/apt;95;Belgium
8473696;Home-at-Mas;Entire home/apt;94;Belgium
8491381;Cozy flat in the centre of Antwerp;Entire home/apt;55;Belgium
8514381;Renovated Studio in the centre;Entire home/apt;62;Belgium
8522139;Paris vibes in the heart of Antwerp;Entire home/apt;100;Belgium
8599666;New flat theater area Antwerp(WIFI);Entire home/apt;93;Belgium
8725792;One bedroom Appt in Mid center Antw;Entire home/apt;70;Belgium
8751883;Vakantiewoning Monnikenhoeve (#32);Entire home/apt;568;Belgium
8766126;Rustige studio;Entire home/apt;68;Belgium
8772155;beautiful apartment @trendy Zuid A;Entire home/apt;250;Belgium
8853612;LOFT, ViNTAGE, DESiGN & WARM PLACE near to CS!!!;Entire home/apt;115;Belgium
8877884;ANTWERPEN-ZUID TOP FLOOR APARTMENT WITH TERRACE;Entire home/apt;108;Belgium
8959933;Expat living or citytrip;Entire home/apt;65;Belgium
8965535;Calm in the middle of the vibrant South District!;Entire home/apt;71;Belgium
8979470;Room 2 - Students house;Private room;18;Belgium
9063100;The Collector's House - guest house;Entire home/apt;153;Belgium
9126033;Cosy and light apartement;Entire home/apt;65;Belgium
9143174;Gezellig appartement op 't Eilandje;Entire home/apt;125;Belgium
9403972;Mooie woning @ hartje Antwerpen;Entire home/apt;72;Belgium
9444009;Zalig antwerpen  beleven.;Private room;100;Belgium
9444419;"300mВІ loft (terras & river view) ""Loft O""";Entire home/apt;346;Belgium
9487949;Antwerp City Center;Private room;35;Belgium
9582616;Modern very light apartment with a sunny terrace;Entire home/apt;99;Belgium
9809688;Backpackersroom !!;Private room;53;Belgium
9854143;A smile is our universal welcome :-);Entire home/apt;58;Belgium
9911612;Room near mas museum and city center;Private room;43;Belgium
9913124;Lux Loft in the heart of Historic Antwerp;Entire home/apt;208;Belgium
10015096;2 slpk appartement op toplocatie;Entire home/apt;50;Belgium
10050755;Historisch zolderappartement  (privГ©);Entire home/apt;70;Belgium
10170353;101гЂЃAntwerp central station's charming apartment;Entire home/apt;160;Belgium
10196951;Quiet stay in double room in the center of Antwerp;Private room;35;Belgium
10220506;Great location by the river;Entire home/apt;120;Belgium
10286773;Beautiful apartment with a view;Entire home/apt;73;Belgium
10411697;A apartment in the heart of antwerp;Entire home/apt;165;Belgium
10582792;House of Books for your summer;Private room;220;Belgium
10604260;Historical City Antwerp.;Private room;86;Belgium
10693965;Antwerp center city;Private room;86;Belgium
10743570;Grand Loft in the heart of historic Antwerp;Entire home/apt;206;Belgium
10845191;Cosy Studio Historic Centre;Private room;60;Belgium
10865022;Small Loft! Beautiful Panorama! Ideal for a couple;Entire home/apt;83;Belgium
11004345;Luxury flat  @ Antwerp Old Town + WiFi;Entire home/apt;104;Belgium
11007796;Hip flat @ Antwerp Old Town + fast WiFi;Entire home/apt;102;Belgium
11054114;antwerpen apartment 2;Entire home/apt;106;Belgium
11054989;antwerpen apartment 3;Entire home/apt;106;Belgium
11055119;antwerpen apartment 4;Entire home/apt;106;Belgium
11111703;Renovated Appartement;Entire home/apt;78;Belgium
11205171;NEW - lovely apartment - historic A;Entire home/apt;65;Belgium
11209398;Modern flat @ Antwerp hotspot!WI-FI;Entire home/apt;99;Belgium
11234792;Specious appt in the city center;Entire home/apt;118;Belgium
11288058;DOMIEN (gehele woning of kamer);Private room;360;Belgium
11299305;Lovely apartment in Antwerp near the central park;Entire home/apt;94;Belgium
11361302;beschikbaar vanaf 01/04/2016;Entire home/apt;600;Belgium
11386961;Light and space in Antwerp Zuid ap;Entire home/apt;120;Belgium
11649861;LUXURY CENTRAL APARTMENT - Antwerp;Entire home/apt;100;Belgium
11664307;Cosy apartement in the historic heart of Antwerp;Entire home/apt;65;Belgium
11687167;ROOMIE DE AUDIO PLANT;Private room;26;Belgium
11702316;Entire floor of a house  with a sun terrace;Private room;85;Belgium
11878238;Fully furnished 1 bedroom flat;Entire home/apt;60;Belgium
11898838;looking for that hidden treasure??;Entire home/apt;121;Belgium
12100076;Fuths Loft Penthouse 85;Entire home/apt;150;Belgium
12215914;Cosy Atelier With City Garden;Entire home/apt;75;Belgium
12238423;Beautiful apartment in city centre;Entire home/apt;72;Belgium
12247552;Retro Arty Farty 2 bedroom flat bright with a view;Entire home/apt;95;Belgium
12312880;Spacious split level room in urban oasis of calm;Private room;72;Belgium
12340028;penthouse with lots of light and two terraces;Entire home/apt;55;Belgium
12425295;Big appartment 90m2, great location;Entire home/apt;83;Belgium
12443915;Villa Einstein 1 th;Entire home/apt;119;Belgium
12452412;Villa Einstein 2th;Entire home/apt;114;Belgium
12509158;Beautiful loft with big terrace and jacuzzi;Entire home/apt;88;Belgium
12576409;Classy flat @ Antwerp Old Town + free WiFi;Entire home/apt;89;Belgium
12637515;Duplex Apartment;Entire home/apt;113;Belgium
12646547;Trendy flat @ Antwerp Old Town + fast WiFi;Entire home/apt;86;Belgium
12659772;Cosy home, excellent location!;Entire home/apt;120;Belgium
12734670;2 rooms + bathroom in quiet neighboorhood of A'pen;Private room;74;Belgium
12734817;Dichtbij de stad en toch rustig 2;Entire home/apt;89;Belgium
12746696;TOOG (ecofriendly loft apartment);Entire home/apt;114;Belgium
12749687;Soulful loft apartment;Entire home/apt;88;Belgium
12752072;Big sunny appartement full of green;Entire home/apt;70;Belgium
12775598;Mooi 150m2 appartement aan het Sportpaleis;Entire home/apt;86;Belgium
12862721;Beautiful and luxurious apartment for 1 - 6 guests;Entire home/apt;77;Belgium
12864070;Stadspark (City Park);Entire home/apt;71;Belgium
12959452;Chic flat @ Antwerp Old Town Best Location +WiFi;Entire home/apt;119;Belgium
13027951;Amazing place in centre with free parking;Entire home/apt;100;Belgium
13147334;Camper/Surfvan/Bus te huur;Entire home/apt;124;Belgium
13149637;Cozy and clean appartment in Antwerp;Entire home/apt;79;Belgium
13189346;Beautiful Light Apartment in Trendy South Quarter;Entire home/apt;85;Belgium
13249852;Relaxing homey stay in Antwerp;Private room;800;Belgium
13263169;Modern woonhuis stadstuin Antwerpen Kiel + Fietsen;Entire home/apt;64;Belgium
13306153;Romantic cosy room with shower, bath and soul!;Private room;50;Belgium
13350400;new very bright studio in the centre of Antwerp;Entire home/apt;92;Belgium
13372879;Renovated, spacious & cosy apartment in Antwerp;Entire home/apt;76;Belgium
13426813;Charming studio in Antwerp;Entire home/apt;62;Belgium
13427359;Stylish and bright 19th century loft with terrace;Entire home/apt;238;Belgium
13601093;Private room near city center;Private room;45;Belgium
13640722;в­ђпёЏStylish Bright Apt вњ”2 BR вњ”2 Patio вњ”Free в“…;Entire home/apt;143;Belgium
13670107;PrivГ© kamer met dakterras, badkamer & keuken;Entire home/apt;45;Belgium
13722848;"Suite ""Asian Dreams"" - with terrace";Entire home/apt;135;Belgium
13799108;Green garden apartment, terrace, near Zurenborg;Entire home/apt;87;Belgium
14060986;Small cosy house at magical location.;Entire home/apt;49;Belgium
14084973;Chakra Room with garden view;Private room;95;Belgium
14327385;Top appartement op het eilandje met ondergrondse P;Entire home/apt;245;Belgium
14436448;Charming Apartment at hipster South!;Entire home/apt;60;Belgium
14527835;Quiet Oasis in the Bustling Nationalestraat;Entire home/apt;78;Belgium
14649863;cosy apartment near Antwerp central station;Entire home/apt;50;Belgium
14798944;luxurious ground floor apartment & terrace;Entire home/apt;69;Belgium
14813245;Number22Antwerp, Relax&trendy flat;Entire home/apt;80;Belgium
14855524;Grand loft @ Antwerp hotspot 2400sq.f + pool table;Entire home/apt;205;Belgium
14897210;Centrally located large house with parking space;Entire home/apt;370;Belgium
14905174;Pretty room in the centre of Wilrijk;Private room;31;Belgium
14975438;BB Melkhuis;Private room;85;Belgium
15217689;Sfeervolle kamer in den 'Groenenhoek';Private room;40;Belgium
15270962;Big rooftop room, near city and near concert hall;Private room;50;Belgium
15291805;Roomy 1 bedroom Appart. Close to central station;Entire home/apt;45;Belgium
15371998;Light apartment in historical center with garage;Entire home/apt;129;Belgium
15402549;Cosy 1 bedroom apartment with sunny terras;Entire home/apt;81;Belgium
15464986;Joyful bedrooms in citizen home nearby the center;Private room;210;Belgium
15467146;Mooie, grote slaapkamer bij Antwerpen Centr.;Private room;70;Belgium
15519371;Apartment in Antwerp Belgium;Entire home/apt;50;Belgium
15650986;Gezellig 1-slpk app. op toplocatie met terras;Entire home/apt;71;Belgium
15657753;Cosy, big and light house with garage and bicycles;Entire home/apt;48;Belgium
15715672;Charmante grote 2 pers. kamer in  Herenhuis.;Private room;69;Belgium
15738162;"""Hemels blauw"":  studio met 2 aparte slaapkamers.";Entire home/apt;82;Belgium
15763164;Terrace Luxury Suite 4;Private room;192;Belgium
15768383;Riverside View Luxury Suite 5;Private room;134;Belgium
15779315;Character Luxury Suite 1;Private room;192;Belgium
15784571;Charming house - 1 bedroom  & sunny roof terrace;Entire home/apt;63;Belgium
15794519;City View Luxury Suite 6;Private room;134;Belgium
15853340;Cozy place for a quiet night;Private room;51;Belgium
15878210;Spacious apartment in city center;Entire home/apt;60;Belgium
15929001;Double room design apartement & panoramic views;Entire home/apt;58;Belgium
15949936;Surprising characteristic apartment in Antwerp;Entire home/apt;87;Belgium
15952890;Perfect view, loft, city center!;Entire home/apt;124;Belgium
16036168;Beautiful sunny apartment in the centre of Antwerp;Entire home/apt;82;Belgium
16040670;Homy apartment near many parks #LovelyGreen;Private room;55;Belgium
16107337;Charmante studio;Entire home/apt;67;Belgium
16225766;Fully renovated superb townhouse with garden;Entire home/apt;250;Belgium
16238598;Nice studio in the historic centre of Antwerp;Entire home/apt;70;Belgium
16271484;Modern and cozy Studio with Garden in centre;Entire home/apt;64;Belgium
16291478;Entire house with sauna & outdoor shower;Entire home/apt;150;Belgium
16317142;Cosy & renovated apartment !!;Entire home/apt;55;Belgium
16424246;Compact double room with 2 shower rooms;Entire home/apt;56;Belgium
16546399;Simpel 1 p privГ© kamer;Private room;27;Belgium
16610326;Nice penthouse in the centre near Central Station;Private room;88;Belgium
16612557;Duplex Apartment with Garden and Free parking;Entire home/apt;102;Belgium
16630701;Amazing and Cozy Apartment;Entire home/apt;120;Belgium
16700193;2Bedroom Mid century park view apartment;Entire home/apt;135;Belgium
16723796;top floor 100y old townhouse Antwerp North;Entire home/apt;73;Belgium
16792858;House of Magic [Harry Potter themed];Entire home/apt;180;Belgium
16818256;Architectural gem in the heart of Antwerp;Entire home/apt;250;Belgium
16833815;Very cozy apartment;Entire home/apt;94;Belgium
16851403;Beautiful house to enjoy an Antwerp family-holiday;Entire home/apt;160;Belgium
16891439;Cosy groundfloor in Antwerps popular area: 't Zuid;Entire home/apt;65;Belgium
16978843;Bed&Breakfast 't Zuid;Private room;75;Belgium
17004023;Beautiful House in Historical Centre of Antwerp;Entire home/apt;235;Belgium
17010097;City view - two bedroom/bathroom home <3 EXPATS;Entire home/apt;83;Belgium
17010887;NICE ROOM WITH OWN RAINSSHOWER;Private room;450;Belgium
17096268;"Suite ""Victorian Classic"" - with terrace";Entire home/apt;135;Belgium
17115288;Zeer ruim Appartement op Toplocatie;Entire home/apt;200;Belgium
17266710;Spacious characteristic apartment in Antwerp;Entire home/apt;97;Belgium
17522166;"Private house ""2600""";Entire home/apt;175;Belgium
17756295;Beautiful 2 bedroom apartment III;Entire home/apt;122;Belgium
17837297;Loft in ancient militairy hospital in Antwerp;Entire home/apt;200;Belgium
17911859;Complete house | 10 people | historic center;Entire home/apt;449;Belgium
17913667;Vintage flamenco appartment;Entire home/apt;55;Belgium
18010399;Great terrace at the river, new apt. top location;Entire home/apt;210;Belgium
18186103;Retro apartment on a top location in Antwerp;Entire home/apt;107;Belgium
18322026;Zeer gezellig en ruim appartement, ideaal gelegen;Entire home/apt;92;Belgium
18322358;Gezellige loft in oud pakhuis;Entire home/apt;177;Belgium
18351730;Charming studio with garden in historic center;Entire home/apt;86;Belgium
18475342;Historical Center  Apartment Gound Floor;Entire home/apt;78;Belgium
18507108;First floor Studio at heart of Antwerp;Entire home/apt;66;Belgium
18565578;Spacious apartment in trendy neighbourhood;Entire home/apt;150;Belgium
18711244;Trendy appartement met zicht op MAS;Entire home/apt;109;Belgium
18823301;Cosy house with garden, close to city centre;Entire home/apt;110;Belgium
18848541;Central, quiet and comfortable;Entire home/apt;50;Belgium
18849323;Apartment next to nature parc near Antwerp city;Entire home/apt;60;Belgium
18913507;Ground floor apartment with huge garden!;Entire home/apt;80;Belgium
18931281;Suites Hotel Colvenier;Private room;339;Belgium
19013331;VinГ§otteplein;Entire home/apt;75;Belgium
19028126;Romantic Gem in AntwerpвЂ™s Historic City Center;Entire home/apt;97;Belgium
19043207;Sunny penthouse;Entire home/apt;102;Belgium
19062948;Small apartment in Antwerp center;Entire home/apt;55;Belgium
19081019;Sunny duplex apartment on great location!;Entire home/apt;125;Belgium
19091628;Charming house with terrace 10min From citycenter;Entire home/apt;100;Belgium
19110897;Room with private shower room;Private room;68;Belgium
19139826;Compact new design apartment with 2 showerrooms;Entire home/apt;53;Belgium
19139841;Place to Stay, garage, bright apartment, sunset;Entire home/apt;118;Belgium
19159122;Lemniscape Amoras Luxury Suite;Entire home/apt;250;Belgium
19232324;Luxe kamer op Unieke locatie in Antwerpen;Private room;66;Belgium
19270436;Gezellig verblijf in stadswoning;Entire home/apt;65;Belgium
19311378;Turquoise cozy fun apartment;Entire home/apt;90;Belgium
19311990;Black and red apartment with a view;Entire home/apt;118;Belgium
19341633;Large attick room in city center;Private room;110;Belgium
19380026;Bright design city Duplex nb.2 on top Location!;Entire home/apt;240;Belgium
19398818;Bright and sunny house with garden;Entire home/apt;100;Belgium
19565336;Vintage eco home behind central train station;Private room;150;Belgium
19597739;Bright and cosy apartment in old city centre;Entire home/apt;81;Belgium
19615621;Verblijf centrum Antwerpen;Entire home/apt;60;Belgium
19618674;Design apartment with panoramic views;Entire home/apt;59;Belgium
19657683;Quiet stay in single room in the center of Antwerp;Private room;35;Belgium
19665216;Cosy studio close to Park Spoor Noord.;Entire home/apt;49;Belgium
19733115;LuLu's place;Private room;49;Belgium
19798020;Appartement ensoleillГ© Г  Anvers (Wilrijk);Private room;70;Belgium
19815144;Nice apartment in a townhouse in the centre.;Entire home/apt;92;Belgium
19861514;Trendy Antwerp;Entire home/apt;50;Belgium
19929145;Magnificent Flat In The Heart Of Antwerp;Entire home/apt;199;Belgium
19989893;Brand new cottage in a vibrant area.;Entire home/apt;91;Belgium
19997718;Private cozy STUDIO;Entire home/apt;34;Belgium
20048639;Beautiful recently renovated private DUPLEX;Entire home/apt;106;Belgium
20087301;Design room in the city centre of Antwerp;Private room;57;Belgium
20131004;Charming quiet room in house;Private room;45;Belgium
20168816;Elegant design room in the city centre of Antwerp;Private room;52;Belgium
20180851;Room in mid century apartment;Private room;45;Belgium
20237057;Cozy apartment in a calm area;Entire home/apt;99;Belgium
20263685;B - Gezellige studio op een TOP locatie;Entire home/apt;75;Belgium
20317514;at HOME;Entire home/apt;220;Belgium
20318096;Warm welcoming place!;Private room;38;Belgium
20406122;Cosy top floor studio with private shower+toilet;Private room;52;Belgium
20676903;Mooie kamer met keuken, badkamer en privГ© terras;Private room;29;Belgium
20772851;Central Station | 3 pers. room in shared apt.;Private room;50;Belgium
20781256;GRAND HISTORICAL TOWNHOUSE in trendy fashion area;Entire home/apt;393;Belgium
20825768;beautiful city view purple apartment;Entire home/apt;125;Belgium
20942852;PM87 - Modern, stylish home;Entire home/apt;95;Belgium
20957741;Modern studio in centrum city of Antwerpen;Entire home/apt;52;Belgium
20987211;Newly build one bedroom design apartment;Entire home/apt;58;Belgium
20994541;Mindblowing little penthouse in Antwerp!;Entire home/apt;379;Belgium
21004429;Cosy room and (shared) workspace naar city center;Private room;35;Belgium
21102559;Modern Studio in Centre Of Antwerp. Great Place!;Entire home/apt;30;Belgium
21168610;Antwerp Eilandje 70 sqm Duplex;Entire home/apt;85;Belgium
21381205;201 гЂЃAntwerp central station's charming apartment;Entire home/apt;135;Belgium
21464203;Kamer Adriaan;Private room;41;Belgium
21638219;Gezellige kamer, dichtbij openbaar vervoer.;Private room;34;Belgium
21658316;The knight's room;Private room;46;Belgium
21718764;Beautiful studio close to central station;Entire home/apt;62;Belgium
21750298;Modern Duplex apartment (120 MВІ);Private room;44;Belgium
21861265;uniek design appartement bij Eilandje Antwerpen;Entire home/apt;150;Belgium
21933479;Kamer Alexander;Private room;40;Belgium
21942782;Many Amenities в† Self check-in, walk from station;Entire home/apt;84;Belgium
21994745;Loft van 90 mВІ met grote binnentuin.;Entire home/apt;109;Belgium
22023486;Spacious and sunny beautiful apartment;Entire home/apt;120;Belgium
22097777;The Golden Gate {private studio - Central Station};Entire home/apt;49;Belgium
22102755;Cosy appeasement surrounded by green parks;Entire home/apt;36;Belgium
22134240;Fresh, modern and spacious 2 bedroom apartment;Entire home/apt;71;Belgium
22169539;Privilege Guest House - rooms with a view;Private room;30;Belgium
22181904;Characteristic Attic/Suite Casa Zurenborg;Private room;69;Belgium
22191315;A- Toffe studio in het hart van het oude Antwerpen;Entire home/apt;76;Belgium
22235229;Entire flat in the middle of Antwerp;Entire home/apt;78;Belgium
22284431;Familiewoning Boekenbergpark vlakbij Antwerpen;Entire home/apt;135;Belgium
22372045;301гЂЃAntwerp central station's charming apartmen;Entire home/apt;125;Belgium
22585207;Comfortable apartment in a lovely neighbourhood;Entire home/apt;95;Belgium
22613237;Antwerp Zuid cosy studio flat;Entire home/apt;60;Belgium
22651108;Antwerpen Beautiful room in townhouse;Private room;95;Belgium
22668676;Kloosterstraat appartment Antwerpen;Entire home/apt;84;Belgium
22703318;Charming cozy 4 persons 300 m2 duplex in front of the MAS museum and marina.;Entire home/apt;180;Belgium
22708143;City center Antwerp  в­ђпёЏtop locatedв­ђпёЏ;Entire home/apt;500;Belgium
22742449;Cozy 2 bedroom apartement;Entire home/apt;125;Belgium
22749049;Monument in hartje centrum;Entire home/apt;100;Belgium
22760259;D - Knusse studio met zicht op de kathedraal;Entire home/apt;70;Belgium
22805099;Stijlvol appartement aan het Stadspark (WIFI);Entire home/apt;85;Belgium
22924510;Cosy room in a relaxing home.;Private room;68;Belgium
22962721;Nice and private appartment for max 6p;Entire home/apt;75;Belgium
22964399;Cozy Apartment on Most Central Location in Antwerp;Entire home/apt;58;Belgium
22993422;Design City Centre Apartment;Entire home/apt;67;Belgium
23001137;Knus verblijf in het eeuwenoude Begijnhof;Entire home/apt;109;Belgium
23033176;Mooi, licht en comfortabel app. te Antwerpen;Entire home/apt;69;Belgium
23049794;Roaring 20's Apartment;Entire home/apt;160;Belgium
23141079;Lovely spacious house close to parks and tramway;Entire home/apt;74;Belgium
23162754;Penthouse Studio with Terrace and Park View;Private room;75;Belgium
23364073;Bright and sunny stylish House!;Entire home/apt;420;Belgium
23372858;Private attic in town house from 1890;Private room;64;Belgium
23385815;De Montebello;Entire home/apt;120;Belgium
23386612;Perfectly located luxury & beautiful apartment;Entire home/apt;100;Belgium
23392537;CharlieвЂ™s Loft (Bed and Breakfast);Entire home/apt;198;Belgium
23392809;Sincerely Yours!!;Private room;50;Belgium
23395109;Bright apartment in trendy Antwerp South district;Entire home/apt;106;Belgium
23444238;Simone's Kitchen B&B - Deluxe Double Room;Private room;71;Belgium
23524053;Simone's Kitchen B&B - Double Room;Private room;71;Belgium
23755415;Feel Home;Private room;59;Belgium
23786630;Modern and spacious studio in the City Centre-70m2;Entire home/apt;77;Belgium
24061317;Instaworthy view 2 | A location | peaceful | shops;Entire home/apt;85;Belgium
24061523;Beautiful, spacious house close to everything.;Entire home/apt;86;Belgium
24170223;Penthouse met uniek zicht op Antwerpen 15e etage;Entire home/apt;75;Belgium
24340681;Lovely house in trendy location.;Entire home/apt;195;Belgium
24419851;Cosy & spacious apartment at  trendy Antwerp South;Entire home/apt;91;Belgium
24486262;C - Perfecte locatie voor een perfect uitstapje;Entire home/apt;75;Belgium
24518063;Entrepot3/Workspace-Appartement/Kloosterstraat2000;Entire home/apt;69;Belgium
24596945;Biekorfstraat;Private room;58;Belgium
24669581;Oase van licht;Entire home/apt;75;Belgium
24670984;Central duplex apartment to discover Antwerp;Entire home/apt;313;Belgium
24740629;Apartement just outside the city with small garden;Entire home/apt;50;Belgium
24829527;Antwerp - spatious one bedroom ap. for 2;Entire home/apt;100;Belgium
24900105;Cosy  apartment two steps from the museum;Entire home/apt;123;Belgium
25023469;Het stulpje;Entire home/apt;450;Belgium
25068907;Antwerpen quiet appartment in green surroundings;Entire home/apt;50;Belgium
25071158;Sunny studio overlooking the city park.;Entire home/apt;32;Belgium
25148862;Maison Emile - Executive Room;Private room;179;Belgium
25150029;Maison Emile - Superior Room;Private room;163;Belgium
25152004;Maison Emile - Comfort Single Room;Private room;85;Belgium
25201647;Amazing place in the heart of Antwerp with view;Entire home/apt;100;Belgium
25242718;Nice fully furnished apartment in 't Zuid;Entire home/apt;41;Belgium
25493896;Arthur and James Antwerp;Private room;55;Belgium
25507520;The Wood Gallery;Entire home/apt;166;Belgium
25515794;* Casa Amazing * with lovely garden;Entire home/apt;60;Belgium
25532901;STUDIO in the heart of Antwerp!;Entire home/apt;95;Belgium
25610607;B&B Arthur and James;Private room;120;Belgium
25854261;New renovated studio perfectly located in Antwerp;Entire home/apt;68;Belgium
25960097;"""Pagadder Flat""";Entire home/apt;59;Belgium
25973713;Complete house | 14 people | Antwerp City Center;Entire home/apt;496;Belgium
26023466;Well located cozy duplex with an amazing terrace;Entire home/apt;85;Belgium
26112457;Sunny & spacious loft in the center of Antwerp;Entire home/apt;49;Belgium
26163757;penthouse near CS station/free parking/great views;Entire home/apt;73;Belgium
26175436;Private room, little terrace and Park, in Antwerp;Private room;60;Belgium
26181108;Virginie LOVEling, quiet, with lovely garden;Entire home/apt;108;Belgium
26193437;Green, bright apartment with amazing views;Entire home/apt;90;Belgium
26298543;Room Rosalie LOVEling, with private bathroom!;Entire home/apt;58;Belgium
26317331;Nice appartement with terrace and airco;Entire home/apt;75;Belgium
26330337;Relaxed along the Schelde;Entire home/apt;50;Belgium
26342549;Design studio in hartje Antwerpen!;Entire home/apt;70;Belgium
26347234;Cosy Antwerp City Center apartment;Entire home/apt;39;Belgium
26351917;Simple but nice budget room in French appartment.;Private room;50;Belgium
26457685;bright studio in historical center of Antwerp;Entire home/apt;91;Belgium
26464842;Irina&Gianpaolo;Entire home/apt;58;Belgium
26477493;Loft appartment 120 mВІ;Entire home/apt;110;Belgium
26578804;D.Cristina Guest House;Private room;42;Belgium
26592318;Luxurious Condo in Antwerp (incl. Indoor Parking);Entire home/apt;200;Belgium
26668817;Cozy Studio In Heart Of Antwerp City;Entire home/apt;78;Belgium
26672728;Beautiful backyardhouse / calm nest in the centre;Entire home/apt;50;Belgium
26764297;Unique Apartment with Terrace - 10 min to Station;Entire home/apt;60;Belgium
26772734;Luxurious Authentic Apartment;Entire home/apt;97;Belgium
26774974;Cosy city house;Entire home/apt;85;Belgium
26802748;Green urban oasis on car-free courtyard;Entire home/apt;95;Belgium
26883983;Beautifully renovated Modernist Apartment в† в† в† в†;Entire home/apt;72;Belgium
26937582;Antwerpen Appartement;Entire home/apt;139;Belgium
26954216;Residencial Theodoro 3;Private room;22;Belgium
26991935;Residencial Theodoro 4;Private room;22;Belgium
27053117;Cosy apartment with sunny garden & comfy bed (TML);Entire home/apt;45;Belgium
27082057;Exotic place in the South of Antwerp;Entire home/apt;200;Belgium
27132678;Beautiful apartment at an excellent location;Entire home/apt;95;Belgium
27150005;Hip design appartement @Park Spoor Antwerpen Noord;Entire home/apt;140;Belgium
27195796;Huidevettersstraat appartment;Entire home/apt;187;Belgium
27246421;PREMIER SUITES PLUS Antwerp - Penthouse Apartment;Private room;129;Belgium
27288680;Luxury & Cozy Room For You!!;Private room;32;Belgium
27479453;Loft with lovely city garden;Entire home/apt;250;Belgium
27489768;beautiful and bright renovated apartment;Entire home/apt;120;Belgium
27490882;blue and beautiful apartment in Antwerp;Entire home/apt;93;Belgium
27491314;Trendy apartment & terrace CENTRAL STATION;Entire home/apt;103;Belgium
27502272;Antwerp City Apartment;Entire home/apt;100;Belgium
27521515;Cozy studio in hartje Antwerpen (smoking Allowed);Entire home/apt;60;Belgium
27564444;comfort city apartment with balcony in town;Entire home/apt;80;Belgium
27567210;Duplex next to park and Eilandje;Entire home/apt;75;Belgium
27588529;Family room in the B&B Bed, Bad & Brood in city;Entire home/apt;95;Belgium
27617809;B&B kamer in XXL herenhuis, hartje stad;Private room;76;Belgium
27645909;Bright & spacious apartment near Central Station;Entire home/apt;112;Belgium
27654970;Top located luxury flat City center;Entire home/apt;139;Belgium
27724978;Instaworthy view 1 | A location | peaceful | shops;Entire home/apt;94;Belgium
27738708;Cozy well-furnished studio in the CITY CENTER;Entire home/apt;495;Belgium
27742986;Rooms in Antwerp Co living House of co;Private room;35;Belgium
27743237;Apartment with own courtyard in historical centre;Entire home/apt;122;Belgium
27755042;The Secret Paradise;Private room;60;Belgium
27777408;Residencial Theodoro 2;Private room;22;Belgium
27844982;room in the center of Antwerp;Private room;25;Belgium
27851653;Antwerpen Villa-House Diamond;;;Belgium
27870003;Beautiful apartment in Antwerp city center!;Entire home/apt;75;Belgium
27930363;Huize Amoras;Entire home/apt;239;Belgium
27951988;Zuiderzin;Entire home/apt;167;Belgium
28062441;Cosy luxury with perfect location in Antwerp;Entire home/apt;400;Belgium
28087662;Little Keizer- Central Independent  Room+Bathroom;Private room;64;Belgium
28124882;Mini Maison Boutique;Entire home/apt;1950;Belgium
28214576;Residencial Theodoro 1;Private room;22;Belgium
28219481;Antwerpen House;Private room;350;Belgium
28249176;Suite Exotique;Private room;50;Belgium
28330049;Beautiful authentic appartment - Free parking;Entire home/apt;83;Belgium
28363835;2 BDR KING BED DUPLEX UNIQUE VIEWS;Entire home/apt;215;Belgium
28379011;Charming apartment in Antwerp centre;Entire home/apt;72;Belgium
28401157;A quiet bedroom 15 minutes from Antwerp center.;Private room;30;Belgium
28405887;Complete apartment in the centre of Antwerp;Entire home/apt;87;Belgium
28434123;Pauline LOVEling, quiet+lovely garden+2 bathrooms!;Entire home/apt;158;Belgium
28561382;Kamer in Luxueus Appartement te Antwerpen Wilrijk;Private room;59;Belgium
28621534;Bright City Center Hidden Gem! Newly Renovated!;Entire home/apt;86;Belgium
28677510;Bed& Breakfast вЂt Zuid;Private room;70;Belgium
28693154;Modern apart in city center! Free parking;Entire home/apt;85;Belgium
28750136;"Bright & light ""all you need"" apartment";Entire home/apt;55;Belgium
28772811;EXCLUSIVE LOFT IN ANTWERP;Entire home/apt;100;Belgium
28778081;Licht en ruim herenhuis Antwerpen-Zuid;Entire home/apt;120;Belgium
28808213;calm and beautiful apartment in Antwerp city;Entire home/apt;120;Belgium
28808356;calm and cosy apartment in Antwerp city;Entire home/apt;93;Belgium
28839558;Antwerp duplex apartment with billiard table;Entire home/apt;90;Belgium
28912521;New stylish apartment @Antwerp city park area;Entire home/apt;80;Belgium
28931007;Freshly renovated loft Antwerp Downtown (Old Town);Entire home/apt;80;Belgium
29023010;Cosy and trendy appartment in historic Antwerp;Entire home/apt;95;Belgium
29042185;AAA location ,Romantic studio 1* heart of Antwerp.;Entire home/apt;65;Belgium
29066101;Mooie oude casa particular nabij Antwerpen City .;Private room;50;Belgium
29227406;Toffe studio;Entire home/apt;68;Belgium
29250575;Sunny 2 Terrace Panorama Penthouse + Free Parking;Entire home/apt;100;Belgium
29272282;"Spacious room to relax close by the vibrant ""Zuid""";Private room;60;Belgium
29301255;Fuths Penthouse 55;Entire home/apt;140;Belgium
29380915;Bright Studio SquareView @ Central Station;Entire home/apt;83;Belgium
29423576;Antwerp Apartment 65 sqM historic center Meir;Entire home/apt;102;Belgium
29454542;Antwerpen Centrum /Sportpaleis Lotto Arena;Private room;52;Belgium
29562413;AAA location, Romantic studio 2* heart of Antwerp.;Entire home/apt;65;Belgium
29563117;AAA location, Romantic studio 3* heart of Antwerp.;Entire home/apt;65;Belgium
29565513;Special price! APT perfect for business or leisure;Entire home/apt;133;Belgium
29600232;Trendy Flat in the Heart of Antwerp;Entire home/apt;55;Belgium
29605455;BRAND NEW DUPLEX APARTMENT  @Antwerp city;Entire home/apt;95;Belgium
29683668;Comfy & spacious apartment in the heart of Antwerp;Entire home/apt;102;Belgium
29954156;B&B Breathe & Bloom - vlakbij de stad in het groen;Entire home/apt;95;Belgium
29974854;Flowerroom in unique house;Private room;18;Belgium
29975505;Zanzibar bedroom in an authentic mansion;Private room;5800;Belgium
29976250;Medieval bedroom in an authentic mansion;Private room;650;Belgium
29982984;@ the Artist Gallery / Studio;Entire home/apt;75;Belgium
30088783;Sfeervol appartement in gezellige buurt.;Entire home/apt;69;Belgium
30100357;modern appartement met uniek zicht op het park;Entire home/apt;65;Belgium
30127354;Sint-Jans  1;Entire home/apt;94;Belgium
30219390;Sympathieke stadswoning in  Г©chte centrum Antwerp;Entire home/apt;150;Belgium
30243446;Ground level room in historic city centre,..;Private room;34;Belgium
30259301;Nice private room, bathroom & terras in the centre;Private room;80;Belgium
30260501;Sint-Jans 2;Entire home/apt;84;Belgium
30290226;New trendy apartment @ City center;Entire home/apt;77;Belgium
30319385;Full 4 Floors House In The Center;Entire home/apt;279;Belgium
30391008;Sanderus House - Antwerp citycenter max 12 pers;Entire home/apt;160;Belgium
30414610;Master suite in Antwerp City;Entire home/apt;99;Belgium
30414744;stunning apartment in Antwerp;Entire home/apt;95;Belgium
30451449;Charming Princess: ;;;Belgium
30527484;sunny one bedroom apartment at the riverside;Entire home/apt;86;Belgium
30669652;*Spacious Modern appartement in City center *;Entire home/apt;145;Belgium
30688137;Modern apartment in the heart of Antwerp;Entire home/apt;110;Belgium
30711848;Romantic open city appartement with sunny terrace;Entire home/apt;68;Belgium
30949150;Cosy bright apartment Antwerp 'Zuid' with parking;Entire home/apt;180;Belgium
30957530;The Nomad's Lounge;Private room;59;Belgium
30966880;Sint-Jans 3;Entire home/apt;196;Belgium
30969571;Bright Duplex apartment in 'ZUID';Entire home/apt;125;Belgium
30975341;Huize Viktor 3: Cosy apartment Antwerp City Center;Entire home/apt;99;Belgium
30976395;Great loft with garden in Antwerp citycenter;Entire home/apt;89;Belgium
30976426;Discover Antwerp, start in a beautiful apartment!;Entire home/apt;64;Belgium
31015562;Cozy modern flat in Antwerp city;Private room;39;Belgium
31019383;cathedral view 3, heart of Antwerp.;Entire home/apt;57;Belgium
31050843;Antwerp old town triplex apartment;Entire home/apt;179;Belgium
31064604;Cozy studio quietly located in the city centre;Entire home/apt;50;Belgium
31087775;Sint-Jans 4;Entire home/apt;90;Belgium
31112513;Gezellig appartement midden in het centrum.;Entire home/apt;163;Belgium
31130575;Beautiful Princess Gezellig bovenhuis in centrum;Entire home/apt;251;Belgium
31167235;Wilrijk (Antwerp) House;Private room;45;Belgium
31198633;Top floors in residential townhouse;Private room;75;Belgium
31200155;Antwerp Old town Apartment with a view!;Entire home/apt;105;Belgium
31201246;Cosy duplex at Antwerpen Zuid;Entire home/apt;58;Belgium
31260795;Spacious beautiful appartement in Antwerp;Entire home/apt;111;Belgium
31277746;Comfort appartement in bruisende wijk;Entire home/apt;36;Belgium
31442273;Cosy studio right next to Antwerp Central Station;Entire home/apt;67;Belgium
31462463;Zuiderdokken/vintage;Private room;64;Belgium
31463408;Zuiderdokken/Bali;Entire home/apt;57;Belgium
31512469;Belle Epoque pearle 95 mВІ in Middelheim district;Entire home/apt;67;Belgium
31561396;Ekeren rustige ruime kamer met badkamer;Private room;42;Belgium
31681385;Cosy apartment in trendy neighbourhood;Entire home/apt;75;Belgium
31682997;Renovated 70s apartment;Entire home/apt;56;Belgium
31730627;Rooftop studio with terrace;Entire home/apt;55;Belgium
31847853;Spacious house next to the zoo;Entire home/apt;190;Belgium
31868869;Antwerpen kamer  met grandioos uitzicht.;Private room;53;Belgium
31876188;Apartment near to the Stadspark and the Center;Private room;39;Belgium
31899599;Complete apartment located near at the city park;Entire home/apt;55;Belgium
31926299;House with 4 bedrooms & garden @ hip Antwerp South;Entire home/apt;306;Belgium
31949372;An apartment in the heart of Antwerp;Entire home/apt;52;Belgium
32009201;Apartment / room near the city park shared kitchen;Private room;45;Belgium
32106943;Cozy studio in the center of Antwerp;Entire home/apt;100;Belgium
32108140;Private room in a historic house, city centre!;Private room;35;Belgium
32166521;ItвЂ™s amazing place for relaxation;Private room;30;Belgium
32371479;Superb loft with courtyard in old heart of Antwerp;Entire home/apt;89;Belgium
32467666;Cosy and renovated apartment in Antwerp center;Entire home/apt;120;Belgium
32468319;Antwerp in her best;Entire home/apt;83;Belgium
32627204;Private apartment near parc - B&B InterMezzo;Entire home/apt;56;Belgium
32683116;Charmante PrivГ©kamer in Antwerpen-Wilrijk;Private room;40;Belgium
32693198;Cosy and light appartement near the city center;Entire home/apt;49;Belgium
32763577;Antwerp City Center Flat (build in 2019);Entire home/apt;45;Belgium
32782208;Apartment on the vibrant 't Zuid;Entire home/apt;32;Belgium
32784417;Fijne studio op het Zuid;Private room;75;Belgium
32841697;cosy, comfy, authentic, modern apartment @eilandje;Entire home/apt;86;Belgium
32927683;Quiet haven in the city Center with amazing garden;Entire home/apt;92;Belgium
32971329;Spacious 2 bdr  Vrijdagmarkt 19/1 + Parking free;Entire home/apt;169;Belgium
32977224;STUDIO  DAYLIGHT,located in the diamond district;Entire home/apt;65;Belgium
33005678;Studio - 35 mВІ - Antwerpen;Hotel room;109;Belgium
33005778;Duplex Apartment - 55 mВІ - Antwerpen;Hotel room;131;Belgium
33005812;Appartment with terrasse - 60/80 mВІ - Antwerpen;Hotel room;142;Belgium
33005836;Deluxe Apartment - 70/100 mВІ - Antwerpen;Hotel room;153;Belgium
33005958;Family Apartment - 120 mВІ - Antwerpen;Hotel room;229;Belgium
33033659;Antwerp Centre - FREE PARKING - GARAGE  (HELENA);Entire home/apt;187;Belgium
33056645;Antwerp Centre incl FREE PARKING / GARAGE (ALESIA);Entire home/apt;174;Belgium
33059681;в Black & Gold loft with cityview 5star location;Entire home/apt;108;Belgium
33094080;в Skyline apartment citycenter great view!;Entire home/apt;95;Belgium
33114490;SUNNY SIDE UP! (fixed price and no cleaning costs);Entire home/apt;85;Belgium
33192413;Room;Private room;33;Belgium
33214606;Huize Viktor 2: Cosy apartment in Antwerp center;Entire home/apt;99;Belgium
33215432;Superb loft with courtyard in Antwerp citycenter;Entire home/apt;89;Belgium
33215914;Spacious loft with garden in Antwerp citycenter;Entire home/apt;89;Belgium
33216722;Centraal gelegen appartement met 2 terrassen.;Entire home/apt;60;Belgium
33382181;Antwerp city centre - 16th century house;Private room;40;Belgium
33410025;Lighted and spacious apartment in Antwerp;Entire home/apt;125;Belgium
33520917;Hip appartement te huur centrum Antwerpen;Entire home/apt;100;Belgium
33537491;Duplex place in south district for 2 to 4 people!;Entire home/apt;110;Belgium
33569315;Spacious apartment with an unique view + terrace;Entire home/apt;70;Belgium
33599745;Great apartment, top location in historical center;Entire home/apt;84;Belgium
33623623;Stylish 1 bedroom apartment;Entire home/apt;78;Belgium
33685110;Verborgen parel in het historische centrum;Entire home/apt;85;Belgium
33714695;Gezellige kamer dichtbij centrum;Private room;27;Belgium
33744341;Trendy white duplex apartment in the city centre;Entire home/apt;65;Belgium
33800807;ZEN apartment;Entire home/apt;68;Belgium
33864760;Quiet and cosy room in artist apartment.;Private room;42;Belgium
33905456;stylish studio in a former trophy factory;Entire home/apt;50;Belgium
33958130;Duplex Standard Apartment - Antwerpen;Hotel room;120;Belgium
34054200;Room in shared flat, close to city center;Private room;54;Belgium
34249814;202гЂЃAntwerp central station's charming apartment;Entire home/apt;160;Belgium
34264095;A spacious, renovated appartment!;Private room;40;Belgium
34277420;BLITZ 102. Luxury suite Central Station;Entire home/apt;77;Belgium
34294000;Penthouse@ThePark;Entire home/apt;54;Belgium
34309044;Feel home in Antwerp, 5-star location + view;Entire home/apt;99;Belgium
34356118;Penthouse of medieval home with rooftop terrace;Entire home/apt;79;Belgium
34621717;Spacious apartment with garden, South of Antwerp;Entire home/apt;79;Belgium
34649600;Trendy spacious white central city studio for4;Entire home/apt;73;Belgium
34664955;Luxe appartement in old theatre with huge terras;Entire home/apt;310;Belgium
34729342;studio met tropische tuin;Private room;50;Belgium
34769735;Spacious & light loft-apartment with terrace;Entire home/apt;69;Belgium
34807446;LOFT in Antwerp - bright 140m2 space;Entire home/apt;98;Belgium
34851379;Most cosy little house;Entire home/apt;80;Belgium
34879418;Gehele verdieping met eigen badkamer in herenhuis;Entire home/apt;59;Belgium
34904214;Modernistisch huis vlakbij Antwerpen (met jacuzzi);Entire home/apt;186;Belgium
34925546;"Amazing  luxury 3bd apt with panoramic city view;";Entire home/apt;100;Belgium
35037522;A small place to sleep in the heart of Antwerp.;Private room;33;Belgium
35061198;Unieke woning in het historisch stadscentrum;Entire home/apt;307;Belgium
35063134;Spacious house/free parking/terrace/well located;Entire home/apt;49;Belgium
35063828;Slow traffic/ nicest street in town;Entire home/apt;99;Belgium
35086421;Overnachten in rust en toch dicht bij de stad.;Private room;46;Belgium
35106543;3-bedroom apartment in centre of Antwerp;Entire home/apt;119;Belgium
35121718;Royal Academy Suite;Private room;60;Belgium
35191921;BLITZ 302. Luxury suite Central Station;Entire home/apt;64;Belgium
35193106;BLITZ 402. Luxury Superior Suite Central Station;Entire home/apt;60;Belgium
35206126;Trendy zuid antwerpen;Entire home/apt;220;Belgium
35227376;South historic center Antwerpen zuid 2p apartment;Entire home/apt;50;Belgium
35297542;Bright apartment in Antwerp on Dageraadplaats;Entire home/apt;95;Belgium
35303380;Enjoy Antwerp, stay in a charming apartment!;Entire home/apt;68;Belgium
35312060;Cosy place in south district for 2 to 4 people!;Entire home/apt;89;Belgium
35328212;Spacious room next to central station of Antwerp;Private room;33;Belgium
35361130;"Cosy appartement in de trendy wijk ""Het Eilandje""";Entire home/apt;139;Belgium
35366436;Duplex apartment. Beautiful view. kingsize bed!;Entire home/apt;130;Belgium
35419492;Hartje Antwerpen, stijlvol en gezellig;Entire home/apt;93;Belgium
35441361;Meir Lodge. Apartment Heart of Antwerp L1;Entire home/apt;58;Belgium
35507561;19th c house private parking near Central Station;Entire home/apt;223;Belgium
35538073;Shared appartement.;Private room;40;Belgium
35569947;Cosy and Stylish LOFT near the city center;Entire home/apt;79;Belgium
35570936;Sunset View Lodge in the Center of Antwerp;Entire home/apt;58;Belgium
35602722;NEW! Trendy apartment on the hip South.;Entire home/apt;375;Belgium
35633180;Charming and spacious apartment with sunny terrace;Entire home/apt;75;Belgium
35736331;Sint Jan 6;Entire home/apt;118;Belgium
35764620;Sint - Jan 5;Entire home/apt;198;Belgium
35779920;Spacious & modern apartment in Antwerp's centre;Entire home/apt;100;Belgium
35782205;2-bedroom apartment for 5 ppl in 2100 Antwerpen;Entire home/apt;119;Belgium
35800771;Centrum Antwerp Apartment 50m;Entire home/apt;47;Belgium
35924615;1-bedroom apartment 2 minutes from Central station;Entire home/apt;61;Belgium
35925974;Lovely new flat for a romantic city trip;Entire home/apt;55;Belgium
35926127;2-bedroom apartment 5 ppl in 2100 Antwerpen;Entire home/apt;99;Belgium
35967247;Meir Lodge. Apartment Heart of Antwerp 1R;Entire home/apt;58;Belgium
35968415;Meir Lodge. Apartment in Antwerp 2L;Entire home/apt;58;Belgium
35996665;Meir Lodge. Apartment in Centre of Antwerp 2R;Entire home/apt;58;Belgium
35997401;Meir Lodge. Apartment Central Antwerp 3L;Entire home/apt;58;Belgium
36016441;The Red Monkey;Entire home/apt;146;Belgium
36020300;The Blue Parrot;Entire home/apt;138;Belgium
36029902;The Light Blue Parrot;Entire home/apt;170;Belgium
36031281;The Pink Pigeon;Entire home/apt;186;Belgium
36068325;Spacious bright appartement with harbour view.;Entire home/apt;75;Belgium
36086423;"Cozy apartment in the trendy area ""Het Eilandje""";Entire home/apt;139;Belgium
36098300;The Red With Pearls;Entire home/apt;123;Belgium
36099404;Penth-house Apartment in the Centre of Antwerp;Entire home/apt;58;Belgium
36099494;The Black Pants;Entire home/apt;156;Belgium
36102951;Lily Apartment in the Centre of Antwerp;Entire home/apt;58;Belgium
36106533;130sqm house + 20sqm terrace + free parking;Entire home/apt;75;Belgium
36161820;Cozy appartement near the city center of Antwerp;Entire home/apt;69;Belgium
36220043;Fabulous studio at 100 meter from central station;Entire home/apt;71;Belgium
36253626;3 bedroom apartment in the centre of Antwerp;Entire home/apt;119;Belgium
36278065;TML offer!  Beautiful house: 4ppl - 2 bedrooms;Private room;200;Belgium
36296863;Luxurious duplex apartment in city center;Entire home/apt;143;Belgium
36303786;The Suit;Entire home/apt;152;Belgium
36350823;Modern Industrial Designed appartment;Entire home/apt;99;Belgium
36422080;Art Deco Suite;Private room;60;Belgium
36463785;Spacious light room in the heart of Antwerp;Private room;70;Belgium
36464525;Spacious room in the heart of Antwerp;Private room;65;Belgium
36469302;Bright and Green fully equiped Garden apartment;Entire home/apt;68;Belgium
36494577;Private / gate2centre, top beds, clean, safe, wifi;Entire home/apt;90;Belgium
36503455;Roomy and light city house 15 min from city centre;Entire home/apt;120;Belgium
36519761;Nice Private bedroom in the city of Antwerp!;Private room;40;Belgium
36520988;Trendy & Spacious appartement with Terras (SW);Entire home/apt;89;Belgium
36554621;Bezoek Antwerpen & omstreken.;Entire home/apt;40;Belgium
36595448;Gezellige 1 persoons-studio;Private room;55;Belgium
36612160;Long term rent appartment;Entire home/apt;40;Belgium
36637087;Relaxed bright 1930's apartment;Entire home/apt;95;Belgium
36660088;Cozy bright apartment with rooftop terrace;Entire home/apt;88;Belgium
36667763;The Card Room Green Studio;Entire home/apt;147;Belgium
36671122;Studio in row house with own private bathroom;Private room;56;Belgium
36687566;Cosy bright app with big terrace citycentre;Entire home/apt;65;Belgium
36784511;Charming house in the heart of Antwerp (92 m2);Entire home/apt;83;Belgium
36862676;Top flat  @ Antwerp Old Town;Entire home/apt;90;Belgium
36870874;Cosy authentic appartement in the heart of Antwerp;Entire home/apt;75;Belgium
36900123;Cosy Apartment close to Antwerp Central Station;Entire home/apt;67;Belgium
36904085;Luxury appartment in the heart of vibrant Antwerp;Entire home/apt;164;Belgium
36937227;Ground floor apartment with bath;Entire home/apt;82;Belgium
36953202;Charmante woning met privГ© tuin;Entire home/apt;140;Belgium
36961012;Studio style apartment with kitchenette;Entire home/apt;82;Belgium
36963032;Studio style apartment in Antwerp City center;Entire home/apt;82;Belgium
108061;Walk to stores/parks/downtown. Fenced yard/Pets OK;Entire home/apt;120;United States
155305;Cottage! BonPaul + Sharky's Hostel;Entire home/apt;100;United States
156805;"Private Room ""Ader"" at BPS Hostel";Private room;66;United States
156926;"Mixed Dorm ""Top Bunk #1"" at BPS Hostel";Shared room;30;United States
197263;Tranquil Room & Private Bath;Private room;45;United States
209068;Terrace Cottage;Entire home/apt;134;United States
246315;Asheville Dreamer's Cabin;Private room;68;United States
259576;Private, peaceful, and free goat therapy;Entire home/apt;83;United States
304379;Refocus Cottage - paradise;Entire home/apt;289;United States
353092;Athena's Loft:  Find yourself here!;Entire home/apt;88;United States
427497;Luxurious Mountain Guest Suite Apartment;Entire home/apt;159;United States
433646;Historic Arts and Craft Home;Private room;134;United States
436476;8 min Walk to DT AVL! Hip, Chic % Sparkling CLEAN;Entire home/apt;158;United States
483384;Romantic, Moroccan-Influenced Cottage;Entire home/apt;140;United States
498089;Urban Getaway - Perfect Location;Entire home/apt;90;United States
621243;The birdhouse.Sweet suite! Downtown Roof top deck!;Entire home/apt;161;United States
660702;Private Home 1 mile to downtown;Entire home/apt;66;United States
674894;Lovely mountain home with a view!;Private room;53;United States
695196;Private, Downtown & River Arts;Private room;66;United States
723349;#2 Blue Ridge Room at Oakland Cottage B&B;Private room;229;United States
751963;Come Home in West Asheville!;Entire home/apt;95;United States
815068;Lovely cottage 10 minutes north, quiet.;Entire home/apt;73;United States
840696;вќ¤VIEWS! Luxury home near DOWNTOWN close 2 Biltmore;Entire home/apt;261;United States
846221;Town and Mountain Peaceful Retreat;Entire home/apt;198;United States
875735;Asheville artist  bungalow. 3 minutes to downtown;Private room;71;United States
881707;West A'ville sanctuary in the trees;Entire home/apt;105;United States
910737;Comfy Home in W.AVL;Entire home/apt;128;United States
942934;"""ZenShe"" ... Very Clean, Quiet and Convenient";Private room;81;United States
943832;Asheville Montford Cottage, Walk To Town, 30 Days;Entire home/apt;257;United States
976034;Urban Peace 5 ml from Downtown AVL;Entire home/apt;151;United States
977054;The Cottage In Asheville;Entire home/apt;130;United States
1039028;The Cottage on Parkway Loop;Entire home/apt;105;United States
1066156;Blend City and Country at Lucky W Cottage;Entire home/apt;181;United States
1127777;Modern Meets Zen, Rest & Restore - West Asheville;Private room;81;United States
1297717;Lovely, peaceful mountain retreat;Entire home/apt;57;United States
1312301;Mid Century Modern Basement Apt..;Entire home/apt;95;United States
1332684;Sweet Studio - Walk West Asheville;Entire home/apt;69;United States
1392363;Explorers Retreat 2.5 Miles to Downtown Asheville;Entire home/apt;174;United States
1393012;HUGE SUITE (king bed) & huge bath-PRIVATE ACCESS;Private room;80;United States
1421061;Garden studio between Asheville +  Biltmore Estate;Entire home/apt;158;United States
1466495;Cute Asheville Area Bungalow 7 Miles to Downtown;Entire home/apt;85;United States
1475299;Refocus Five / furnished private home available;Entire home/apt;139;United States
1571095;Perfectly Located Studio Apartment In Asheville;Entire home/apt;85;United States
1574329;#7 Rose Room - Oakland Cottage B&B;Private room;179;United States
1578831;#2  Downtown Get Around;Entire home/apt;79;United States
1586906;Hidden treasure near Downtown, UNCA;Private room;90;United States
1667214;1/2 block from West Asheville's Main St.;Private room;68;United States
1684109;10 Minutes to Downtown  Epic Views!;Entire home/apt;305;United States
1728187;Welcoming walkable North Asheville, Pets OK;Entire home/apt;177;United States
1768955;Furnished Apartment Walk to Downtown;Entire home/apt;119;United States
1827412;Downtown Asheville Classic Style - Great Value!-#9;Private room;92;United States
1843828;HOME, INDOOR POOL, NEAR IT ALL;Entire home/apt;250;United States
1852818;5 Star Garden Cottage Retreat. Tesla Charger;Entire home/apt;110;United States
1879067;West Asheville - Canie Creek Getaway;Entire home/apt;120;United States
2072026;Super Central Studio! Pets, 2 miles to Dntn;Entire home/apt;125;United States
2108335;Bodacious Downtown Bungalow;Entire home/apt;165;United States
2176375;Guest House & Private Patio;Entire home/apt;49;United States
2209375;Location~Location 2/1 Bungalow walk to everything!;Entire home/apt;190;United States
2222067;Sassy Blue Room in Southslope;Entire home/apt;99;United States
2254521;The Mimosa Room/private entrance/private bath.;Private room;65;United States
2283071;Serene Cozy Getaway, Walk to West Avl.;Private room;40;United States
2296152;"Victorian Cottage Downtown - ""Green Room""";Private room;86;United States
2326086;Downtown Artist Loft;Entire home/apt;253;United States
2411109;"Victorian Cottage Downtown - ""Blue Room""";Private room;97;United States
2454666;The Hideaway, W. Asheville.  2 BR Apt w/ Hot Tub!;Entire home/apt;171;United States
2477628;Modern River-Arts Cottage - Near Downtown/Mission;Entire home/apt;257;United States
2569529;Downtown Asheville 2 bed/2bath unit for rent;Entire home/apt;85;United States
2605869;FREE NIGHT-10 Mins to DT AVL & Biltmore-MNT Views-;Entire home/apt;436;United States
2607570;New Cozy Garage Apt/ Great Location;Entire home/apt;83;United States
2925486;Unique 1-bdrm apt big yard-near Downtown-pets ok;Entire home/apt;120;United States
3040444;Private Suite. 10 min walk to Town;Entire home/apt;116;United States
3066648;Cozy Downtown Cottage - Close to Mission Hospital;Entire home/apt;125;United States
3084395;Asheville Modern Tree Top Bungalow w/ fire table!;Entire home/apt;136;United States
3095136;Spivey Mountain Cabin w/Hot Tub / Fire  Table/WiFi;Entire home/apt;219;United States
3220474;Guest Room: Mountainside Private Room & Pvt. Bath;Private room;48;United States
3225871;Little forest 5 mins from airport;Entire home/apt;33;United States
3268055;Cedar Springs Farm Apartment- Close to town!;Entire home/apt;80;United States
3268747;Beautiful 2bdrm apt in Biltmore Village, Asheville;Entire home/apt;160;United States
3314819;Basement: Mountainside Private Room & Private Bath;Private room;54;United States
3369973;Nana's Place is minutes from everything!;Entire home/apt;209;United States
3405282;The Cabin In Grove Park;Entire home/apt;80;United States
3445336;Bungalow in Downtown Asheville;Entire home/apt;150;United States
3454237;Asheville Mtn. Retreat;Entire home/apt;150;United States
3522532;Quiet Luxurious Studio-Guest House (Monthly);Entire home/apt;55;United States
3529241;Walk to Downtown, Mid-Century Modern;Entire home/apt;95;United States
3563156;Sweet Room & Porch, Private Entrance And Bath;Private room;69;United States
3590634;Cozy Cottage by a Little Mountain Stream and Pond;Entire home/apt;131;United States
3649639;Cheerful Home In Historic Downtown Asheville;Entire home/apt;98;United States
3654375;Sassy Purple Cottage!;Entire home/apt;131;United States
3741771;Urban Oasis- Hot tub in walkable West Asheville;Entire home/apt;132;United States
3767793;LONG RANGE MOUNTAIN VIEWS! HOT TUB - Under 20 Minu;Entire home/apt;914;United States
3821004;Firefly Hidden Haven with Archery;Private room;76;United States
3868452;Peaceful Log Home with Long Range Views;Entire home/apt;281;United States
3868910;The Henhouse;Entire home/apt;124;United States
3924937;The Nest above Asheville, quiet bungalow with view;Entire home/apt;187;United States
3945733;Romantic Vintage StudioвЂ” Clean, Near Downtown!;Entire home/apt;109;United States
3968877;Fabulous Studio 7 min to downtown!;Private room;98;United States
3976087;Mountain Views + Orchard +  Hot Tub w/ 5 bedrooms;Entire home/apt;350;United States
3986614;Cozy & Private Cottage- 2 miles N. of downtown;Entire home/apt;65;United States
3990524;Private suite in walkable W. Asheville;Private room;56;United States
4045013;Bittersweet Cottage - Mountain/City views;Entire home/apt;280;United States
4108784;Everything Zen Asheville;Entire home/apt;84;United States
4124504;Forest Hill Bungalow;Entire home/apt;99;United States
4129119;Bungalow and BBQ;Private room;72;United States
4173713;Bittersweet Cottage #2 Mountain/City Views;Entire home/apt;240;United States
4241484;Charming Cozy Home near Biltmore and Parkway;Entire home/apt;107;United States
4285157;Nana's Nest;Private room;54;United States
4304358;Nana's nest 3;Private room;58;United States
4394670;Sweet Suite;Entire home/apt;62;United States
4394761;Bohemian Retreat: Clean, Deck, Near Downtown!;Entire home/apt;113;United States
4448604;Private & Cozy Mini Suite - 2 miles from downtown;Entire home/apt;43;United States
4515772;Views of Downtown and Mountains;Entire home/apt;200;United States
4527048;The Bird House in Asheville, NC;Entire home/apt;180;United States
4587394;Urbane Retreat Cabin In town Asheville 90 DAYS;Entire home/apt;70;United States
4764715;West Asheville Green Getaway !;Entire home/apt;120;United States
4846733;Chalet at Winghaven, Sunny Log Home;Entire home/apt;200;United States
4867991;Home in the heart of West Asheville;Entire home/apt;222;United States
4875054;River Arts Studio;Entire home/apt;135;United States
4895765;Beautiful Kenilworth Jewel;Entire home/apt;106;United States
4931736;Cozy Cottage, walk West Asheville;Entire home/apt;106;United States
4994407;Amazing Asheville Location VIEWS!;Entire home/apt;261;United States
5114762;Summer Breeze in West Asheville;Entire home/apt;134;United States
5144212;Hip studio in the heart of downtown;Entire home/apt;213;United States
5151226;Convenient to Everything! Private;Entire home/apt;348;United States
5213038;Strawbridge House;Entire home/apt;180;United States
5261984;Mountain home with awesome views;Entire home/apt;180;United States
5333015;Griffin's Lair  Biltmore Village, NC 28803;Entire home/apt;236;United States
5336187;Parklike Setting;Entire home/apt;49;United States
5344892;Peaceful Mountainside Living;Private room;102;United States
5464591;Artsy/Zen Bungalow in W. Asheville!;Entire home/apt;184;United States
5481195;"Asheville's Famous ""Pink House"" Studio Apartment";Entire home/apt;150;United States
5696919;Hidden getaway close to downtown!;Entire home/apt;135;United States
5716399;The AshVilla- Prime West Asheville location;Entire home/apt;115;United States
5850649;Explore the Woods from a Quiet Apartment near Sierra Nevada;Entire home/apt;68;United States
5851392;Charming  Montford Apartment ~Walk Downtown;Entire home/apt;96;United States
5868695;Buried in Woods- Full of Art/ Style;Entire home/apt;263;United States
5947797;Private Entrance/10 Min to DT AVL/Dog Friendly;Private room;85;United States
6005112;Solar House in South Asheville;Private room;54;United States
6054250;The Rad PadвЂ”Quiet Modern Nest 2 Blocks off Haywood Road;Entire home/apt;107;United States
6056098;Mountain Beauty/City Convenience;Entire home/apt;150;United States
6079982;Graceful Heart Cottage;Entire home/apt;101;United States
6145162;Downtown Asheville, Small Single - Best Value! -#7;Private room;62;United States
6170347;Charm n Comfort: 1 mi to Biltmore Estate, 4 to DT!;Private room;51;United States
6180513;Sunny, Modern Apartment in Vibrant Downtown Asheville;Entire home/apt;176;United States
6197585;Sunny West Asheville Studio Apt.;Entire home/apt;60;United States
6227094;Groove Stone Getaway;Entire home/apt;132;United States
6234618;West Side Loft- Cozy, Clean & Comfortable;Entire home/apt;89;United States
6290666;Mountain View Charming Space Five Mins to Downtown;Entire home/apt;102;United States
6362850;Your Chic Mountain Getaway in the Forest!;Entire home/apt;67;United States
6363332;"Welcome to ""Cozy Oak Cottage""";Entire home/apt;65;United States
6399802;Downtown Asheville With a View - Great Value! -#11;Private room;94;United States
6452410;Stay in historic downtown suburb;Entire home/apt;79;United States
6609327;The Barn At Mountain Meadows;Entire home/apt;325;United States
6698737;Serene, spacious, cozy and clean!;Private room;48;United States
6699384;Updated Cabin-10 Minutes from Town!;Entire home/apt;83;United States
6711659;Hip Downtown Hideaway - Close to Mission Hospital;Entire home/apt;216;United States
6715120;Comfy home 10 min to downtown.;Entire home/apt;123;United States
6724476;Near downtown Asheville, BRP & Biltmore! Sleeps 8!;Entire home/apt;144;United States
6760016;Bright, urban chic apt min from Avl;Entire home/apt;106;United States
6765734;"Female Dorm ""Top Bunk #2"" at Sharky's Hostel";Shared room;29;United States
6765832;"Private Room ""Hitchcock"" BPS Hostel";Private room;71;United States
6775949;Cozy Cottage short walk to Downtown;Entire home/apt;108;United States
6813265;cozy bedroom in the heart of west asheville;Private room;53;United States
6818139;Downtown Asheville Music Lovers- Great Value! -#8;Private room;96;United States
6829875;Sweet, private, detached guest studio;Entire home/apt;89;United States
6913630;Sparrow Cottage;Entire home/apt;60;United States
6970329;Spacious Biltmore Getaway;Entire home/apt;132;United States
7001873;Wren's Nest Studio near River Arts;Entire home/apt;89;United States
7045303;Private Basement Suite in Walkable West Asheville;Private room;125;United States
7063293;Mountaintop Log Cabin w/Pano View;Entire home/apt;325;United States
7103096;25 Acre Retreat 9 Miles to Downtown;Entire home/apt;95;United States
7340132;Yurt Nest at Green Oaks Community;Entire home/apt;114;United States
7341057;Two Bedroom Suite in South Asheville;Private room;95;United States
7418991;"""Studio C""  in Downtown! Private parking.";Entire home/apt;118;United States
7438838;Historic home, walk downtown, porch, deck, dogs ok;Entire home/apt;225;United States
7543799;Purple Door Studio Apt. W.Asheville;Entire home/apt;103;United States
7630648;Sunny Modern Country Apartment with Hot Tub;Entire home/apt;85;United States
7665386;Location! On West Asheville Strip. Walk everywhere;Entire home/apt;92;United States
7674957;West Asheville, private hot tub and pool!;Entire home/apt;187;United States
7693393;Asheville Beauty;Entire home/apt;214;United States
7853605;Kingbed near action Away fr/ noise. Quiet, Private;Entire home/apt;91;United States
7859259;Studio at Green Oaks Community;Entire home/apt;93;United States
7887572;Charming Bungalow Apartment - Biltmore Area;Entire home/apt;97;United States
7920935;Country Hideaway/Easy City Access;Entire home/apt;74;United States
7938930;SweetPineHouse monthly rental fully outfitted!;Entire home/apt;62;United States
7940019;Walk to Mission Hosp 30 day minimum rental  2 bdrm;Entire home/apt;82;United States
7947839;Romantic & Bohemian Private Studio;Entire home/apt;118;United States
7967886;Clean Simple Modern Furnished Apartment 60 day min;Entire home/apt;60;United States
7995120;12 Mins to DT AVL! Dogs Welcome @ Trails End Cabin;Entire home/apt;200;United States
8070733;Mountain Modern вЂHome away from HomeвЂ™;Entire home/apt;150;United States
8089299;Simple Clean and restful;Private room;60;United States
8173732;DOWNTOWN Asheville Cute 2/1 Great Front Porch Yard;Entire home/apt;143;United States
8193368;Cozy AVL Suite Near Everything;Entire home/apt;106;United States
8211404;Suzies  Asheville HOT TUB   Views PRIVATE Home;Entire home/apt;234;United States
8246075;1925 Bungalow in the Heart of West;Private room;120;United States
8265544;5 Star Near Downtown & Biltmore;Entire home/apt;290;United States
8266788;5 Minutes to Downtown/ 2 Minutes to Biltmore;Entire home/apt;364;United States
8304698;Urban Micro Studio Downtown;Entire home/apt;65;United States
8310318;Studio apartment in tranquil setting;Entire home/apt;68;United States
8362668;Private floor, stroll to W. AVL;Entire home/apt;93;United States
8427121;Beautifully appointed apt in mtns;Entire home/apt;93;United States
8443279;WALKING DISTANCE TO DOWNTOWN- The Cottage;Entire home/apt;182;United States
8485214;"""The Fiddlers Olde Barn""";Entire home/apt;90;United States
8513468;Charming home near UNCA/Downtown;Entire home/apt;80;United States
8576671;west West Asheville;Private room;69;United States
8593492;Cabin 400 sq all for  you.;Private room;371;United States
8624659;Modern Downtown Loft;Entire home/apt;257;United States
8634354;NEW light-filled spacious suite - WALK to DOWNTOWN;Entire home/apt;150;United States
8664712;Two Block Walk from Apt to Downtown;Entire home/apt;250;United States
8672247;East-West Asheville Beauty;Entire home/apt;70;United States
8741844;Lake view, Children-Friendly Cabins;Entire home/apt;204;United States
8782463;Apartment 1 mile from  Downtown Asheville;Entire home/apt;69;United States
8895397;Cozy 2 bedroom. Short walk to WAVL;Entire home/apt;198;United States
9022608;Easy Walk Downtown - Sleeps 5;Entire home/apt;163;United States
9062255;Soak up the Rays in the Solarium at a Zen Garden Suite;Private room;132;United States
9243493;Log Cabin Near Downtown Asheville;Entire home/apt;285;United States
9282426;#3 Downtown  Get Around;Entire home/apt;90;United States
9562953;Luxury, in-town, fenced, views, w/hot-tub!;Entire home/apt;257;United States
9661460;Scenic Mountain Retreat;Entire home/apt;161;United States
9794899;Downtown Asheville-Great Location & Free Parking!!;Entire home/apt;220;United States
9906491;Sheriff's Station - Historic House, West Asheville;Private room;98;United States
9944111;Serenity Yurt;Entire home/apt;124;United States
10085566;Cozy private furnished basement eff mins to town.;Entire home/apt;60;United States
10089256;Mountain Views, Private Retreat, 15 min frm dwntwn;Entire home/apt;139;United States
10263107;Corner Cottage;Entire home/apt;299;United States
10289755;Apartment with a View;Entire home/apt;115;United States
10360188;Perfectly cozy location 1/2 mile to downtown.;Private room;150;United States
10524188;Luxury Modern Loft in Historic Central Downtown Building;Entire home/apt;232;United States
10524253;Private Fenced-in Yard - Minutes to Downtown;Entire home/apt;128;United States
10632884;Private Suite near River Arts District & Biltmore;Entire home/apt;79;United States
10635789;lovely peaceful room w coffee- central AVL east;Private room;50;United States
10674355;Creekside Home Close to Everything;Entire home/apt;135;United States
10724022;Walk to AVLs TOP cafes, pubs, restaurants, rafting;Entire home/apt;410;United States
10785231;Secluded but convenient cabin;Entire home/apt;114;United States
10853381;A Cottage At Willow Pond;Entire home/apt;195;United States
10909034;New house! Walk Dtown & River Arts;Entire home/apt;170;United States
11182596;Ladyhawk Retreat;Private room;77;United States
11242744;Country feel, city appeal, minutes to Asheville;Entire home/apt;188;United States
11283225;Airstream On The River;Entire home/apt;104;United States
11291801;Private, secluded cabin-wood/fireplace/hot tub.;Entire home/apt;124;United States
11388248;Mountain Top Retro Rental;Entire home/apt;163;United States
11421709;Hazel's Hideaway - Walk Downtown;Entire home/apt;133;United States
11483381;Asheville Mountainside Retreat;Entire home/apt;139;United States
11489172;Our lil' blue house - relax and enjoy AVL;Entire home/apt;125;United States
11510567;Convenient Biltmore/Downtown home;Private room;130;United States
11553531;Mountain Retreat with Hot Tub;Private room;78;United States
11609580;Spacious, Chic Grove Park Studio - 5 Min Dwntwn;Entire home/apt;137;United States
11618840;3/2.5 Clean and Comfortable Rental in Asheville;Entire home/apt;250;United States
11701027;Spacious 700 sq. ft. Suite in South Asheville;Entire home/apt;105;United States
11811039;N. Asheville Retreat with King Bed and Views;Entire home/apt;119;United States
11925721;Chicken Hill Cottage in the River Arts District;Entire home/apt;190;United States
11938223;Lily Pad Cottage over a Mountain Stream and Pond;Entire home/apt;137;United States
11947108;2BR suite near Biltmore Estate, Brews & Downtown;Entire home/apt;133;United States
12107874;WALK to downtown, River Arts & South Slope!;Entire home/apt;124;United States
12144656;Cottage McIntyre Near Downtown! Weddings!;Entire home/apt;73;United States
12182918;MONTHLY - Grove Park - Charming Guest House;Entire home/apt;72;United States
12188215;Retreat outside gates of Biltmore Estate unit two;Entire home/apt;203;United States
12189623;Historic Asheville - Golf Street Apt #1;Entire home/apt;75;United States
12222050;Mountaintop Retreat near Downtown Asheville;Entire home/apt;285;United States
12250733;West AVL Urban Retreat (Monthly);Entire home/apt;100;United States
12251952;NEW: Private Room is like a treehouse in the woods;Private room;42;United States
12266103;City Lights;Entire home/apt;295;United States
12281167;Be Well: Walk to Downtown AVL;Private room;46;United States
12286328;Mixed Dorm Lower Bunk #1;Shared room;30;United States
12290379;ZEN APARTMENT - feels like ur own little apartment;Private room;60;United States
12310425;Haywood House Asheville (West Asheville);Entire home/apt;289;United States
12363894;The best view in Asheville!;Entire home/apt;548;United States
12377575;Mountain Cabin Near Downtown;Entire home/apt;425;United States
12400514;Beautiful Modern Suite with Hot Tub;Entire home/apt;135;United States
12470763;Quaint & Quirky Paris of the South;Private room;197;United States
12472966;The Guesthouse at Deer Crossing;Entire home/apt;100;United States
12543684;10 Minutes to Downtown & Biltmore, Next to Parkway;Entire home/apt;124;United States
12587092;"""Tree house"" in South Asheville";Private room;59;United States
12761982;Urban Farmhouse;Private room;40;United States
12763722;Mountain View Cottage with Hot Tub;Entire home/apt;186;United States
12802506;Asheville mountain retreat three miles from d/town;Private room;103;United States
12809255;Cheryl's W. Asheville Chalet;Private room;72;United States
12810440;Modern in Downtown Walkable West Asheville;Entire home/apt;106;United States
12813635;Clean and cozy in West Asheville;Entire home/apt;191;United States
12834984;Unique Hand-built Cabin in the City;Entire home/apt;54;United States
12835184;Spacious studio apartment in Downtown Asheville!;Entire home/apt;99;United States
12848084;Beautiful Mountain Views at S. Asheville Apartment;Entire home/apt;102;United States
12871394;Retreat outside gates of Biltmore Estate unit one;Entire home/apt;200;United States
12918380;Clean and Private Bungalow Apt. in W. Asheville;Entire home/apt;145;United States
12925044;Charming Arts & Crafts Home-20 min downtown AVL;Entire home/apt;131;United States
12944995;Country Garden Getaway with Hot Tub;Entire home/apt;80;United States
12970301;Clean & Spacious Apartment w/Full Kitchen & W/D;Entire home/apt;57;United States
12989718;Female Dorm Bottom Bunk at BPS Hostel;Shared room;30;United States
13093505;Heart of Downtown - Bright,Spacious,Historic;Entire home/apt;127;United States
13112074;Sam's Cottage;Entire home/apt;164;United States
13136198;Urban Farm Studio ~ Close to Everything!;Entire home/apt;116;United States
13186091;Bluebird Sanctuary. Mt view, walk downtown, W Ashe;Entire home/apt;130;United States
13206560;Downtown Loft with Balcony;Entire home/apt;267;United States
13224612;In the Heart of West Asheville;Private room;80;United States
13231021;Easy Access to Downtown & Hiking, Sparkling Clean!;Entire home/apt;275;United States
13234214;Mama Dee's Hide Away;Entire home/apt;167;United States
13274313;Montford Apt w/Deck, Quiet, Private, Walk Downtown;Entire home/apt;163;United States
13279595;Zen Mtn Treehouse Lower;Private room;105;United States
13326253;Modern  Loft  in the center of West Asheville;Entire home/apt;116;United States
13333422;Mt Views in the heart of W. Asheville ( BELOW APT);Entire home/apt;108;United States
13340576;Spacious, Garden Suite w/ Private Porch;Entire home/apt;108;United States
13346738;TreeHaven--Spacious, Fun Double-Deck Log Cabin;Entire home/apt;225;United States
13348419;Charming Asheville Cottage at Beaver Lake;Entire home/apt;192;United States
13355384;Large 2 bed loft in W. Avl, bring the whole family;Entire home/apt;202;United States
13386987;Studio 54: Private cottage, 30-day;Entire home/apt;40;United States
13388627;Explore Asheville at a Bright Pad with Pops of Rich Red;Entire home/apt;177;United States
13426466;Asheville Studio w/ Sleeping Loft - Walk Downtown!;Entire home/apt;74;United States
13429035;Asheville Cottage With All the Comforts of Home;Entire home/apt;200;United States
13514183;Radiant Apartment in Downtown Asheville;Entire home/apt;176;United States
13524286;Explore the Arts District from a Century Building Apartment;Entire home/apt;176;United States
13556933;Sunporch Suite w/ private entrance;Entire home/apt;87;United States
13582513;On famous West Asheville corridor. Walk everywhere;Entire home/apt;82;United States
13621363;#2-Downtown Asheville Traveler's Private Haven;Private room;115;United States
13674901;Lovely Space//Private Entrance and Bath;Private room;63;United States
13686565;Beautiful Mountain Home with View;Entire home/apt;215;United States
13700790;Cozy Room in South Asheville;Private room;45;United States
13716891;The Zen Cabin;Entire home/apt;90;United States
13744589;Whole House just off Haywood Rd.;Entire home/apt;132;United States
13779774;Private flat w/ Kitchenette & bathroom, Monthly;Entire home/apt;40;United States
13819278;Mountain Glow- close to downtown and BR Parkway.;Entire home/apt;145;United States
13877850;Blue Ridge Mountain Home Away from Home;Entire home/apt;89;United States
13901952;Historic Asheville - Golf Street Apt #3;Entire home/apt;75;United States
13942925;~Front Porch Retreat~Sleeps 4~2.5 mi to D/T~;Entire home/apt;125;United States
14044072;THE SWEET SPOT- serene hilltop, close to downtown;Entire home/apt;165;United States
14052114;West Asheville Dream Bungalow Apartment;Entire home/apt;149;United States
14076438;Historic Grove Stone Cottage, EW Grove;Entire home/apt;219;United States
14110641;Cottage at Green Oaks Community;Entire home/apt;151;United States
14122840;Asheville mountain living;Private room;45;United States
14125023;Downtown Furnished Studio!! Close to Everything!!!;Entire home/apt;80;United States
14167740;Hidden Gem - Lovely Summer Rental;Entire home/apt;55;United States
14168464;"""B Flat"" Downtown! Private parking.";Entire home/apt;118;United States
14184893;Spectacular Views Minutes from Downtown;Private room;99;United States
14203513;World Spirit Guest Suite;Entire home/apt;79;United States
14236639;CasaLina. Minutes away from downtown;Entire home/apt;119;United States
14352724;NEW: Elegant Modern Suite & Short Walk to Downtown;Entire home/apt;121;United States
14357005;Lavender room;Entire home/apt;65;United States
14430828;Sunny West Asheville Retreat;Entire home/apt;107;United States
14442508;Adventure Lover's Studio, Bent Creek Asheville NC;Entire home/apt;86;United States
14514191;Convenient Cozy Cottage near West Asheville;Entire home/apt;75;United States
14522467;Le Petit Bleu;Entire home/apt;175;United States
14561813;Classy, Comfy Quiet Crash Pad in Downtown Asheville;Entire home/apt;166;United States
